<?xml version="1.0" encoding="UTF-8"?>
<project-private xmlns="http://www.netbeans.org/ns/project-private/1">
    <editor-bookmarks xmlns="http://www.netbeans.org/ns/editor-bookmarks/2" lastBookmarkId="0"/>
    <open-files xmlns="http://www.netbeans.org/ns/projectui-open-files/2">
        <group>
            <file>file:/Users/francescaperrone/Desktop/OneDrive%20-%20INSTITUTO%20TECNOLOGICO%20AUTONOMO%20DE%20MEXICO/EDD/matBB/PrevioCalc2/src/precalc/InfixToPostfix.java</file>
            <file>file:/Users/francescaperrone/Desktop/OneDrive%20-%20INSTITUTO%20TECNOLOGICO%20AUTONOMO%20DE%20MEXICO/EDD/matBB/PrevioCalc2/src/precalc/CalculadoraPrevia.java</file>
            <file>file:/Users/francescaperrone/Desktop/OneDrive%20-%20INSTITUTO%20TECNOLOGICO%20AUTONOMO%20DE%20MEXICO/EDD/matBB/PrevioCalc2/src/precalc/PostfixEvaluatorStr.java</file>
        </group>
    </open-files>
</project-private>
