<?xml version="1.0" encoding="UTF-8"?>
<project-private xmlns="http://www.netbeans.org/ns/project-private/1">
    <editor-bookmarks xmlns="http://www.netbeans.org/ns/editor-bookmarks/2" lastBookmarkId="0"/>
    <open-files xmlns="http://www.netbeans.org/ns/projectui-open-files/2">
        <group>
            <file>file:/C:/Users/MPEREZL/Documents/PrevioCalc2/PrevioCalc2/src/precalc/SplitTokens.java</file>
            <file>file:/C:/Users/MPEREZL/Documents/PrevioCalc2/PrevioCalc2/src/precalc/RevisorParentesis2oper.java</file>
            <file>file:/C:/Users/MPEREZL/Documents/PrevioCalc2/PrevioCalc2/src/precalc/ClaseConjunta.java</file>
            <file>file:/C:/Users/MPEREZL/Documents/PrevioCalc2/PrevioCalc2/src/precalc/PostfixEvaluatorStr.java</file>
            <file>file:/C:/Users/MPEREZL/Documents/PrevioCalc2/PrevioCalc2/src/precalc/CalculadoraPrevia.java</file>
            <file>file:/C:/Users/MPEREZL/Documents/PrevioCalc2/PrevioCalc2/src/precalc/precalcMain.java</file>
            <file>file:/C:/Users/MPEREZL/Documents/PrevioCalc2/PrevioCalc2/src/precalc/InfixToPostfix.java</file>
        </group>
    </open-files>
</project-private>
